appname,timestamp
QQ,1605202146495
微信,1605200325989
Chrome,1605196710405
Chrome,1605196536916
简书,1605196425856
Chrome,1605196420579
Chrome,1605196414088
Chrome,1605196401441
知乎,1605196346263
知乎,1605196216951
知乎,1605196206052
Chrome,1605196184527
Chrome,1605196140200
Chrome,1605196108691
Chrome,1605195926120
有道云笔记,1605195539089
唯品会,1605195528218
计算器,1605195296901
有道云笔记,1605195195325
有道云笔记,1605195193781
时钟,1605195054474
时钟,1605195032330
微信,1605193758048
QQ,1605192940031
QQ,1605192895667
QQ,1605192882515
时钟,1605192102416
微信,1605192085939
微信,1605192032574
QQ音乐,1605190778559
QQ音乐,1605190130217
QQ音乐,1605189353526
百度,1605189264236
知乎,1605189242662
百度,1605189214844
阅读,1605189209155
阅读,1605189192300
阅读,1605189190844
牛客,1605189150363
牛客,1605189149134
知乎,1605189113915
手机淘宝,1605189099289
手机淘宝,1605189076572
Chrome,1605189058289
微信,1605189036392
QQ,1605189027872
QQ,1605188878765
百度地图,1605188855013
中国工商银行,1605188771423
有道云笔记,1605188483112
中国工商银行,1605188353743
中国工商银行,1605188351878
菜鸟,1605188318232
QQ音乐,1605188294467
Chrome,1605188221126
菜鸟,1605188138276
菜鸟,1605188137555
QQ,1605188040415
微信,1605188025516
微信,1605186330302
QQ,1605186284820
Chrome,1605185171533
百度,1605185090329
QQ音乐,1605185041320
知乎,1605185030551
菜鸟,1605185016859
菜鸟,1605185015697
阅读,1605184896437
京东,1605184890080
阅读,1605184889219
阅读,1605184886217
阅读,1605184885514
QQ,1605182882485
知乎,1605182866038
Chrome,1605182786218
QQ,1605182759116
Chrome,1605182699410
知乎,1605182609091
Chrome,1605182320039
微信,1605182301223
QQ音乐,1605181192689
QQ音乐,1605181181250
微信,1605181060490
Chrome,1605181051044
Chrome,1605180606299
京东,1605180568891
菜鸟,1605180547133
菜鸟,1605180545639
手机淘宝,1605180467962
QQ,1605180443220
京东,1605180405808
微信,1605180384272
QQ,1605180365952
QQ音乐,1605178915887
QQ音乐,1605178502327
QQ音乐,1605178393783
微信,1605178355925
小米帐号,1605178250582
微信,1605177715004
Chrome,1605177627557
QQ,1605177076249
知乎,1605176814881
知乎,1605176813902
QQ,1605176224866
短信,1605174369576
电话,1605174353098
QQ,1605171714160
QQ,1605171651006
微信,1605171039111
Chrome,1605170214919
微信,1605170106573
知乎,1605169191844
知乎,1605169072067
QQ,1605168926639
微信,1605168791213
微信,1605168764188
知乎,1605168291930
知乎,1605168284329
Chrome,1605168230116
计算器,1605167842736
支付宝,1605167834539
计算器,1605167824527
工银融e联,1605167806508
工银融e联,1605167788507
工银融e联,1605167785175
支付宝,1605167772779
手机淘宝,1605167753175
菜鸟,1605167533457
菜鸟,1605167532544
京东,1605167432273
Chrome,1605167417030
QQ,1605167396180
Chrome,1605167390795
